queueLength:vector AmusementAlt4.TicketQueue1 (#0 - General-0-20190508-14:47:15-3216),,queueLength:vector AmusementAlt4.SecurityQueue1 (#0 - General-0-20190508-14:47:15-3216),,lifeTime:vector AmusementAlt4.EnterPark (#0 - General-0-20190508-14:47:15-3216),
0,0,0,0,97.47993272911,97.4799327291100037
351.363291923418,1,,,126.379835093089,73.2702607602799954
369.673613619676,0,,,136.659821271953,120.7423311806399791
381.128388438452,1,,,139.709035501511,70.85543836906398925
384.033948984296,2,,,206.133289180753,117.739563520439986
384.413320368318,3,,,237.011992349417,104.1477782483800066
385.308885112586,2,,,282.308210759443,136.3663453139799907
392.248736581852,3,,,290.146791364942,52.93919628464900005
392.671346773211,2,,,307.553665841998,100.4617559344499963
411.439696129217,3,,,338.450001015051,140.5430538526100005
418.108988981467,2,,,393.323171963506,115.2977325649799805
421.085248975908,1,,,413.706121447455,89.933269399777998
423.394617665585,2,,,417.690228633398,109.3340697550700038
445.372867016604,3,,,454.546659059257,103.1833671358400008
466.549549646356,4,,,456.873230908801,118.3438330260100025
472.568906454161,3,,,502.617185951953,118.5832369676599848
481.582187534918,2,,,509.061484142694,127.9330957042400025
482.374861853129,1,,,509.781202623294,125.3678822549800026
488.7614985601,2,,,548.632663374022,156.3839267921699726
508.878918663431,3,,,556.623175998577,111.2503089819699935
514.91606050592,2,,,566.477407774693,143.0827901091099642
545.347310621478,1,,,580.228781271459,168.7890851422399687
546.591222040485,0,,,646.171259076287,137.2923404128599707
617.506137068366,1,,,651.259636561384,184.7100869150299891
619.845245264215,2,,,678.209956500343,80.2411009133909939
620.293466142712,1,,,680.092681002804,191.3311824426999687
621.181584567194,0,,,715.570777997215,98.0646409288490015
644.35150892538,1,,,733.402186144057,113.5569408798399986
666.747796240459,2,,,755.605410112497,113.2967988176199863
668.333034685511,1,,,795.702814151589,128.9550179111299707
668.768491746638,2,,,801.742883463651,132.9743917170100072
683.020163613302,3,,,810.52407242462,166.1725634992399696
686.309160276304,2,,,843.751304706751,160.7311410934499913
705.612072259049,1,,,876.613317580698,118.3546082773199825
728.303511821532,0,,,882.500573503812,90.2067061543199881
781.596179834354,1,,,913.778981728923,132.1828018945699903
782.996487314492,0,,,952.441326158244,105.2674693496699939
832.358677799636,1,,,952.925405707075,120.5667279074399966
833.773564889589,0,,,982.319728933897,106.622145612919979
853.680665119158,1,,,988.04880543571,134.368140316550011
855.531792916879,0,,,1032.103652893462,101.9178393035599864
875.697583320975,1,,,1047.347581817987,134.8243490672699631
888.873951565161,0,,,1072.038430004491,125.7566684185599962
912.523232750716,1,,,1074.823739984273,122.2475451812499893
930.185813589902,2,,,1095.102100792743,131.1678229201099833
935.28897126079,1,,,1108.05607807112,126.1899827827699875
936.559109821909,0,,,1127.887766597885,100.7469997923199965
946.28176158593,1,,,1152.429146420732,101.2436082702400025
950.03013450783,0,,,1155.851642224632,94.0516541418080005
952.576194803023,1,,,1190.02518179891,85.63520579472498165
962.727998376713,0,,,1224.638773909195,98.6921002222809985
963.934277872628,1,,,1236.034088719725,89.43147481990300175
981.866095288346,2,,,1263.55987214197,96.8966197583000048
1011.828951774146,1,,,1264.531544152842,105.0468360865699817
1012.440629489649,0,,,1296.340137260723,66.65599764477798285
1061.799988082824,1,,,1301.746922882106,125.4109567666500023
1071.672481479126,0,,,1315.575450550757,128.0402630338199965
1176.335966115458,1,,,1357.778816622293,90.70298942295499915
1187.535187516938,2,,,1379.343434403354,114.3140195010699921
1187.600176589978,1,,,1380.338715677657,129.4743883540899668
1218.701345856617,0,,,1417.677208093623,161.811250870499975
1255.865957223123,1,,,1447.341820348223,168.8167621203199921
1265.029414902287,2,,,1450.909684163273,156.98308874444001
1267.075827199338,3,,,1521.217473181834,87.53373947412700285
1269.06148797322,2,,,1530.627858391462,98.3776323700130029
1278.525058227905,3,,,1542.230112432936,99.2009273970309945
1281.849968431048,2,,,1557.112529753718,127.8781239361499895
1281.873488672464,1,,,1585.825707583526,108.0916015755399822
1293.92659541883,2,,,1608.742067950603,140.1061988384499835
1334.68935566063,1,,,1667.480550423321,115.5472325772599897
1336.689144831922,0,,,1673.281051874539,95.0726674038169785
1468.635869112153,1,,,1685.651272010184,119.8948344190299901
1477.734106007988,2,,,1686.119838494508,120.737310311769988
1493.404136654199,1,,,1712.153015435512,81.3002537138149816
1494.229291341774,0,,,1773.329256424859,111.8598701778099945
1772.213219059783,1,,,1824.752268225476,108.8559168601699976
1789.072794568071,2,,,1849.48471750872,93.6449267936170025
1791.002590538014,1,,,1868.04791854259,99.9553404524679931
1815.539639831943,0,,,1885.361063607483,122.0435429743199901
1815.979743232749,1,,,1891.933259831624,119.7200407718399896
1817.141190475068,2,,,1910.217956060654,121.1451614925800011
1828.539141781197,3,,,1955.958427111712,127.4192853305099785
1840.091140441839,2,,,1956.924880451566,140.9451372188199792
1841.921416254995,3,,,1968.86811229469,151.7269218196199738
1849.577498706475,2,,,1981.599207547599,139.6777912925999766
1851.409742061654,3,,,2038.263083251151,148.2861384519000006
1852.995085526695,2,,,2056.443065562351,205.0333235006999633
1889.919432413985,1,,,2061.828857235066,121.2480838891899845
1889.976944799252,2,,,2072.789837096309,124.4953098695299895
1924.599750253852,1,,,2073.409210823701,138.0354657087700043
1927.77831383784,0,,,2118.203825090313,81.73599781732599435
1940.580773345878,1,,,2128.384030040425,133.1326275850499878
1948.294527226783,2,,,2151.804091132541,103.155371605379997
1957.624031910103,1,,,2198.574958978462,91.03663390283199385
1994.181150337121,0,,,2256.320861717873,85.6406258139309951
1995.25140245537,1,,,2280.626536788693,98.8895334717149975
2023.312919161644,0,,,2303.437356781628,100.9162407330200036
2256.557436726039,1,,,2328.37060445956,119.3451680514299933
2260.40126026641,0,,,2357.222873283071,100.6654365570300054
2260.402665542882,1,,,2359.534149451964,117.5471895806099947
2269.282137573351,0,,,2381.911506064087,104.8412757082899984
2277.0702303558,1,,,2398.130516263042,137.7278507201600058
2280.675716347366,2,,,2437.616746570851,156.941030223489974
2283.475781466983,1,,,2437.793521906516,143.726993741929959
2294.066528164588,2,,,2449.753633096011,126.0774835716599961
2294.685053995798,3,,,2475.720794290487,181.0357402946899577
2323.67614952435,4,,,2522.227115762965,153.4998043758399712
2325.140138602345,3,,,2527.176726147429,176.0137163346699928
2328.67766126641,2,,,2556.484679845378,186.4551111625199828
2351.163009812758,3,,,2568.967726687197,198.6068361159099702
2353.704565121098,2,,,2569.039938544907,182.4562275290599578
2355.979729520373,1,,,2619.914597087183,153.3728813210099696
2368.727311387123,2,,,2620.421835236702,180.786953910449994
2370.029568682856,3,,,2636.804391224031,178.5172727923999781
2370.360890571288,4,,,2670.408059253145,198.9380270427199652
2386.583711015847,5,,,2681.459965528207,144.8115137740899733
2403.648331324775,4,,,2692.769273487941,151.7988974019399957
2420.967344554537,3,,,2701.960878519275,141.7502639014699635
2431.690174933425,2,,,2742.045729432984,128.0554825770299766
2433.157712819533,1,,,2757.667225102729,157.8016323928599713
2439.634881326256,2,,,2769.36124747322,166.5511540170899701
2458.287118431633,3,,,2799.258838228717,143.6639922726599816
2466.54171576617,4,,,2801.614768687655,153.0918542368600008
2471.470032210425,5,,,2821.753287811354,101.3591825172800038
2477.662755527047,4,,,2849.393998428076,118.9715048036299828
2487.40262614388,3,,,2872.519185123116,134.2266432762099833
2515.430950850609,2,,,2875.088010080765,147.5080266841699762
2527.7304374218,1,,,2906.922482325701,167.5317930277699922
2536.648451754118,2,,,2936.245942912506,124.8449037390899997
2540.970376086002,3,,,2950.827045226221,150.3391603481499595
2554.559180462201,2,,,2974.270091361717,109.0027576509500019
2560.210614617803,3,,,2979.990061804241,140.691640805559984
2578.617139094438,2,,,3014.085153430941,135.4317622804499587
2578.695808485084,1,,,3031.100120319755,110.9088975372799834
2598.027118881235,0,,,3034.086331019845,149.353508684779967
2599.865592709871,1,,,3042.72886174913,146.327563993349997
2602.810093456133,2,,,3084.804964571824,162.8069969077199625
2613.990246855952,3,,,3094.248093788285,149.5010299752499913
2648.522914450797,4,,,3122.254897582546,199.0863719395100012
2654.079597651302,3,,,3133.469244563681,177.911669483659977
2655.23114271281,2,,,3148.289292358784,194.1800994810599825
2655.313786033209,1,,,3162.183305509886,188.9105175092699932
2655.594845956057,2,,,3194.405887844735,220.9383916573099775
2670.411240250633,1,,,3219.356845853715,239.517672708709994
2703.229426973962,0,,,3229.260333710465,204.899480776620009
2720.394105294074,1,,,3234.821527160913,193.2273243911599815
2721.164569189412,0,,,3301.947826324761,249.6455365331399882
2727.579983396596,1,,,3308.178513458501,168.2021552438699806
2730.42249362445,2,,,3312.25125941492,195.8527930310700063
2738.292541846904,3,,,3314.776190607219,190.4965727844199813
2739.390689297926,4,,,3357.993430716565,216.0811230557799822
2740.843983721409,3,,,3359.092541603449,109.8128556165799804
2767.436183278099,2,,,3365.542267771519,211.4203032107799902
2771.167251188121,1,,,3372.870534192711,170.4682410218100008
2798.585296354361,0,,,3405.978106536809,156.1495785413299581
2800.487884878068,1,,,3433.036502078852,157.690728793250002
2811.401039173414,2,,,3447.624778129012,177.5808668715499715
2833.781064800298,1,,,3466.649218270209,130.6245935366599718
2839.298420998677,2,,,3493.211063278194,155.4097908915499595
2839.8743470883,1,,,3504.573899882008,163.2994962312000093
2846.143358991268,0,,,3505.30095522294,103.71352132075998
2865.267333710771,1,,,3551.344849368748,150.4348525714199803
2878.653391150492,2,,,3576.56384528392,103.7670708522099966
2881.886252191419,1,,,3581.124625428369,172.2030884502999575
2884.732822335069,2,,,3582.023589863371,107.1533986988199839
2896.401297755775,3,,,3598.896117342421,83.30004243242998975
2914.013346997601,2,,,3639.470381002609,109.0959056938299907
2917.965126980035,1,,,3660.221381859022,97.6598957650919882
2920.191222782474,2,,,3670.484360255056,128.909717479670007
2921.997967664108,3,,,3692.232415782518,129.4287447873599598
2923.168525643038,4,,,3729.74670394174,86.99176341217798825
2940.023512958719,3,,,3735.205777474377,88.8933017876879883
2940.898471270895,2,,,3760.341848802567,81.1257045743899991
2944.74706381303,3,,,3784.524343991045,74.72942234863100425
2954.109192877727,4,,,3796.734375071165,63.9262015701619928
2955.557575080019,5,,,3824.37741256905,69.64538784785997875
2973.272788000617,6,,,3859.077506996879,90.5752045148069836
2973.467496187428,7,,,3861.66400773598,86.3947828799349789
2979.839173145009,8,,,3919.958938770449,66.70666022009800125
2982.876766019772,7,,,3971.879247419152,112.6794983106399851
3004.742072117437,6,,,3974.744850828456,130.062724361699963
3005.028821950493,5,,,4031.235077937759,94.2592627398399823
3021.267145320176,4,,,4036.064697744195,107.4078345176299929
3024.360852933846,5,,,4045.887584318158,114.6499510279099921
3041.594202769751,6,,,4079.227086576021,97.8269877141050013
3052.30228979162,7,,,4089.800218139346,104.780923969579987
3053.170266942828,6,,,4115.603611520591,133.0009452760700122
3067.530392583072,5,,,4134.769712459539,107.0563703989499796
3094.583510089719,4,,,4160.450443868476,85.0550833028779888
3109.702867357504,3,,,4180.416289078926,113.6942256207999828
3116.398466383855,4,,,4195.256439300306,135.7959526458699878
3118.75361539943,3,,,4259.545624638767,94.3723735072349821
3122.509954745591,2,,,4260.360268850663,127.816401328739999
3124.279617822794,3,,,4265.945014628866,81.8497286722499948
3139.976358214626,4,,,4278.551542170608,137.4294379332599757
3141.912307660788,5,,,4338.553099838972,124.5174214594399867
3154.121964560742,6,,,4339.173732480252,151.7725862772199996
3160.957571362215,5,,,4341.450917299466,130.2301420284999831
3180.95576158582,4,,,4364.402058149179,140.85958637681
3202.402293170901,5,,,4412.875042074563,148.750002799009962
3202.784681158856,4,,,4414.357989365001,166.2956855278699772
3204.145708859355,3,,,4423.850966788669,181.775723010369972
3249.279685986872,4,,,4434.290050901143,95.7768454076000063
3249.828527995477,5,,,4457.708945851081,104.3081751295799788
3262.851247147543,4,,,4491.152387303808,118.1010497278599867
3269.873711581141,3,,,4504.805309904394,92.0977207229740028
3270.043911257461,4,,,4534.135915948593,77.4217403582889855
3271.965890884739,3,,,4578.888052727587,99.3530104522159828
3273.205419781618,2,,,4612.85497950697,88.64714020962497875
3275.345773285598,3,,,4659.213509379728,92.7275337894489833
3320.515808070789,2,,,4692.975323031123,87.53007631315099915
3330.364457390347,1,,,4705.27239485484,99.9854550669909937
3336.024624733549,2,,,4717.094112408736,111.1522015358399923
3337.80127238664,3,,,4744.846325950851,84.5189700445519914
3339.375314172173,2,,,4745.163015275024,88.17157453117400175
3341.274403650808,3,,,4777.342103503438,67.92946424158998265
3345.47764569107,2,,,4786.501209829264,94.3028647176940063
3376.926115046942,1,,,4798.180497112079,129.4635547363999985
3400.909996797333,2,,,4799.015660268672,63.845216224620003
3401.587433902182,3,,,4867.92731202351,114.4114320412199955
3408.921536978064,4,,,4899.383341627573,88.4863189222139961
3409.767537716862,3,,,4912.031246171569,109.2624808011599948
3412.748256651405,2,,,4947.640604112232,71.66840818949199825
3425.455437214277,1,,,4956.793640664852,95.4988440825619872
3450.304999980451,0,,,5025.522361975373,116.6831013485199828
3472.796774431711,1,,,5032.151397415172,103.7862963289399825
3474.870191164551,2,,,5057.472053597041,86.68386337389699715
3476.873984071289,1,,,5114.137715698087,102.2684757976699923
3480.109792700585,0,,,5118.802810112848,104.3559972916000045
3530.374475308774,1,,,5150.523653346595,100.6497741389399887
3541.57464277539,2,,,5153.477654131656,101.135585493849987
3543.663235251448,1,,,5168.438972747359,112.2549925865799873
3545.554286499621,0,,,5217.979328517407,95.3432678370049868
3562.803670995162,1,,,5218.869563662934,157.02413478520998
3587.944576560156,0,,,5248.082916271746,108.0545483745999884
3982.602666244516,1,,,5260.722770812791,109.0886111559800038
3985.019294169768,2,,,5318.617960948169,118.602773408189989
4005.10502192208,1,,,5330.900417972748,129.6489074598100043
4006.132124951661,0,,,5337.378467984281,123.2524613542900051
4066.722063458121,1,,,5391.838866576511,124.3150956172700031
4070.907344202082,0,,,5409.107284637898,114.3978322222699828
4075.395360565598,1,,,5426.549615086594,166.7557277682199691
4077.128410619317,0,,,5443.735576284352,167.217537966189979
4141.122104237351,1,,,5456.00215365321,146.4045419760299746
4145.101814816895,0,,,5462.696605515351,160.0375715012600032
4187.401146203031,1,,,5506.694382331987,178.4051623278199933
4211.220775270964,2,,,5510.749077620608,175.060274021429961
4214.035678379535,3,,,5512.366443322112,163.6894251870500051
4223.542471772366,4,,,5516.974918123475,157.9738308896700113
4228.445426608964,3,,,5557.158280055273,183.7051480707600027
4232.249520053961,2,,,5571.069262701003,168.3522763442999796
4234.289705026039,1,,,5589.625166837709,195.662969603279975
4242.075243778303,2,,,5599.81828295278,215.0311117712699902
4244.902456424006,1,,,5636.354809048982,231.601509852739979
4248.062303837131,2,,,5657.673196129106,75.491124221945
4264.125039275556,3,,,5664.711012338332,238.5560633495300057
4298.342760328497,2,,,5676.546117676721,105.7217996319500054
4302.789699920195,1,,,5712.23534973464,72.66554963008198315
4312.947734486198,0,,,5740.876890474043,156.4313519190399682
4353.400770721498,1,,,5848.670634457809,79.25063451040099915
4371.622150825993,0,,,5855.918898849809,134.3504128918600025
4373.051337575945,1,,,5860.928874794096,93.5552444381389986
4383.367729533735,0,,,5885.984728806364,97.2560128650249847
4660.327355906299,1,,,5951.220946663569,73.0571046377710044
4663.212801777069,0,,,5957.149386919911,162.8909172965499571
4692.19834511157,1,,,6047.924677548527,91.5580201296550054
4692.955458965826,0,,,6071.86509897211,102.2768455366399959
4709.412639261848,1,,,6072.245010684107,91.0999327037289954
4714.740749603026,0,,,6103.288860432552,123.3572684556699808
5056.183980160775,1,,,6111.010799455999,121.4119257142799876
5061.845428877724,2,,,6130.960826742643,110.7686212843899792
5072.530325458045,1,,,6159.462291795634,159.6579900987399577
5101.543549419462,0,,,6187.760251951101,158.1758858502799962
5201.251510512942,1,,,6190.823390860145,93.1071893048049898
5203.03090724858,0,,,6192.895386287605,144.2453015623299843
5214.126006629986,1,,,6232.543857120924,127.0837062207600067
5233.670880312949,0,,,6258.103861008963,103.374700229459989
5267.523770959244,1,,,6261.764394238937,131.2740641997600046
5276.518038318167,2,,,6285.551960092435,128.6421620405000107
5291.156657336502,1,,,6293.679929348215,160.8637659737099733
5291.809946821727,0,,,6318.972605066563,139.141246313349995
5294.709452415624,1,,,6326.440145043686,131.2980046449899868
5302.659034014089,2,,,6350.973262542604,147.0540386030700113
5304.151444659583,1,,,6366.732323854613,162.4269378112199996
5309.597611677183,2,,,6421.026036794666,178.9983486144599845
5328.289220004162,3,,,6426.20241677743,182.495527796559997
5335.688803599179,4,,,6437.84217024224,177.3538825376899688
5348.677018135067,5,,,6437.853178765513,178.7336685686299795
5356.132925267075,4,,,6476.198110149863,201.2887743569199863
5359.001087233805,5,,,6487.929630244378,206.6256811965999981
5373.45313198451,6,,,6492.908951396399,172.8077671567999682
5384.787171181505,7,,,6500.510392172972,224.2439388190699663
5386.102796739698,6,,,6549.839085236627,184.223501335560001
5387.586900167001,5,,,6552.118915163231,177.9048872073900035
5393.962197234434,6,,,6578.55583231439,202.881553481699995
5402.716986356699,7,,,6593.841358010606,187.7495610252499877
5404.75329919624,8,,,6612.774624276022,128.1570473271499957
5407.91156473265,7,,,6622.143740312955,166.0087836768099687
5422.913147850916,6,,,6636.118959569621,149.4497974228099787
5426.1549489888,7,,,6644.191733734053,142.6598585011399786
5427.950582091104,6,,,6674.864229569092,135.141253966100009
5474.98676219978,5,,,6685.981443545553,127.4007394083500055
5477.056648540616,4,,,6697.906603462342,158.1062713956100077
5478.262418169203,3,,,6732.854405657677,148.8415014740799615
5479.88568384115,2,,,6753.402786925362,97.2092209594469803
5527.051769070007,1,,,6787.039537430984,184.2664709352299603
5548.766326658183,0,,,6855.552197642648,122.5203056074399791
5584.445538555003,1,,,6887.971116450955,102.0600318745200066
5616.342339720029,0,,,6906.751159558017,131.2006561239400067
5794.258469623359,1,,,6923.370678435365,69.7447758008279945
5826.378310380898,0,,,6971.764338315399,108.004734084839981
5989.598873741719,1,,,6978.052187664209,119.17117683088
5999.80430169689,2,,,6981.312326588606,104.3626663567299882
6019.841876556114,1,,,7031.451174301031,140.8788085071699918
6020.192205458252,2,,,7075.779251750223,132.6842468654400018
6029.584366100823,3,,,7076.027238250129,170.1203648137199585
6035.707719395088,2,,,7077.861291815641,127.6092334843000055
6048.650084725276,3,,,7089.575780663785,132.0698996083199853
6049.47097673238,2,,,7141.963049898224,129.697499148100007
6070.869920670347,1,,,7171.638966148581,203.6845002261699727
6082.993900184248,0,,,7174.005699951425,203.7740208828899987
6097.71620155534,1,,,7179.441575780243,149.02776663134
6105.460150900161,2,,,7217.267996555914,167.971362365679965
6114.167477538705,1,,,7218.31731276113,155.8112006852699658
6130.490330039174,2,,,7228.382210236789,113.4195877229599883
6130.685247827074,1,,,7235.832219760963,87.7217068337679958
6132.81616337451,2,,,7293.86573320295,124.5241539498299797
6138.347147768439,1,,,7308.195178725349,114.1041707577099938
6154.729160779499,2,,,7308.574604694075,112.0982993269399795
6156.909798051931,3,,,7322.039819213842,133.2587120991599926
6160.461334239152,2,,,7364.666984829274,166.4932049859099828
6179.831358753213,3,,,7370.971292680699,158.8558503872299633
6185.741773140118,2,,,7377.758550188915,174.8085991565599778
6191.196453039761,1,,,7390.932920466364,167.7357952759500102
6195.142140398698,2,,,7443.161539100207,218.632311164969962
6203.919223939539,3,,,7445.96552645337,220.1230348145999746
6204.305386043392,4,,,7464.938694834069,228.2863814236799832
6231.645651782476,3,,,7489.084780523321,243.86730653669997
6234.269340724521,2,,,7489.094681287928,189.9960536016599793
6242.027688180206,3,,,7497.427567922808,265.4455286331899507
6243.706888980872,4,,,7527.801043633058,212.5266134211900058
6248.487854114941,3,,,7571.254493185212,194.4217205639499746
6258.84219898418,2,,,7582.87938593496,172.044134728419976
6259.119510196886,3,,,7591.935863455942,243.241701740209975
6260.488287704551,4,,,7618.949888325954,162.7548293026899835
6274.909335792944,5,,,7626.562839588114,166.8569076690499735
6276.266453353902,6,,,7667.576728734867,211.2783439895200096
6281.303949047781,7,,,7670.95091713645,187.5512622042799643
6299.57318171844,6,,,7690.801388725476,193.1295107282300018
6308.993643949804,5,,,7701.859042455344,201.1633559292199597
6320.101184239598,6,,,7754.236981104148,222.4853892137300012
6322.513615328912,5,,,7755.537022371746,252.1091586517999862
6340.643957185208,4,,,7766.738392603481,228.3377622813799793
6365.615583901066,5,,,7790.596773455543,278.2745406364999767
6374.214027955841,6,,,7835.981184508797,239.3704355787600082
6375.674278832686,7,,,7837.889312893699,275.821892104429934
6382.129922877667,6,,,7851.286091693119,239.4610107263899852
6388.840788224459,5,,,7871.357307684659,303.3509457197699237
6393.239700349173,4,,,7912.435018205713,252.3698664338899667
6401.31940510663,3,,,7916.301430278141,299.911416847440022
6406.091796985353,4,,,7949.122373938475,271.8159896207099552
6456.134956636148,5,,,7954.673855084553,326.4403455742999532
6457.230718143657,4,,,7981.736219033023,272.9064904598699277
6462.989381173201,3,,,7982.486786158447,282.1051265733499337
6468.226120635479,2,,,8003.241962412419,272.2851725400499837
6472.564037889283,1,,,8017.234762547091,283.2264497119299437
6484.617576948868,2,,,8052.797965976265,317.8638630227400187
6486.669162146808,3,,,8062.396608499863,310.356317691499952
6501.531875232913,4,,,8077.932074957592,306.478469192309943
6519.212733917498,3,,,8083.091376692531,334.8306562185299515
6522.647135127674,2,,,8139.540477909718,314.1252112854399442
6539.722975602991,3,,,8140.041863945893,313.4022086791500205
6539.800332066737,4,,,8151.863821260417,305.526305066630015
6541.926419329964,3,,,8161.75548397957,317.977366683109948
6543.390784458005,2,,,8171.603620951671,267.9680802783199157
6558.580704137206,3,,,8221.689947978754,320.0829029732100242
6584.012904183593,4,,,8230.675288931512,277.445649720449977
6588.274206746489,3,,,8231.442901764009,261.1454488285500012
6593.65581866118,2,,,8234.664490976437,321.2591645752800095
6602.773066495754,3,,,8285.195398794056,227.4800612868999671
6608.65347991777,2,,,8293.201344309175,256.1661232568400227
6615.98504660877,1,,,8299.838613543114,288.6648312482999462
6644.799639688069,0,,,8317.559276969991,332.6935445263500232
6656.193565965915,1,,,8358.374291993547,253.4860024438800102
6668.237823019334,0,,,8365.803169333529,267.9966557857899252
6890.572365793859,1,,,8375.216395811516,283.2025962223499377
6905.906873436412,2,,,8386.604501761318,227.8642148583199962
6917.716693417063,1,,,8402.132448956199,225.2539762513499671
6943.095004884785,2,,,8465.938511285844,299.0094381294600217
6944.436841298628,1,,,8480.817611626454,266.2927401021299822
6946.884284019484,0,,,8483.860604266036,280.9598788039600082
6950.252058331339,1,,,8496.065778456928,273.0630601261199207
6953.741544454152,0,,,8506.487066474246,203.5016841686099831
6957.50588105546,1,,,8523.875167638259,234.403831647829974
6967.954465922415,2,,,8545.874583531549,294.8323262607699452
6970.231679068533,3,,,8573.415313765783,244.2560282654599737
7003.050433115547,2,,,8609.569978146967,278.9086692293699335
7012.265550750122,3,,,8624.05149541425,291.956342135579915
7028.774175708385,2,,,8630.039655383789,291.3712609517299362
7030.413809148904,3,,,8651.888727449436,309.3365134417599612
7038.798221897335,2,,,8654.797604756695,242.0620985661499835
7044.814435552124,1,,,8675.676117519728,211.9915863113499757
7049.296634190232,2,,,8709.96275846226,206.0959412031500043
7060.35801893438,1,,,8715.073830848766,240.7073798810599775
7062.50611207586,2,,,8733.947200036038,206.2970212867899696
7114.670390905838,1,,,8780.957514043458,238.8384152928999802
7114.962622513825,2,,,8792.116852578732,249.166511452219992
7129.732479098454,1,,,8806.790038838492,204.1581557358699676
7138.610977210169,0,,,8810.937921595336,212.241807815129959
7148.110512927195,1,,,8835.265899313078,215.4884097455899897
7148.627769670471,0,,,8843.752550256461,226.4378908271899595
7169.341579253122,1,,,8872.907661447802,247.453545672959989
7184.297578756627,0,,,8883.695414763385,263.295106526909989
7188.781107114678,1,,,8902.875044171343,228.2664332254099682
7194.091007967635,2,,,8925.63999791089,282.725101101619997
7196.476305367137,3,,,8944.077238580901,258.8611343375299602
7198.173779843361,4,,,8978.310309807033,262.4340774482200225
7199.591183496303,3,,,8979.645900170716,258.3902572450699597
7202.949951032359,4,,,9008.487376181592,222.6949676726999876
7203.726170971712,3,,,9032.995980646812,306.5426986795499705
7205.669454875236,2,,,9040.71111610153,195.8131027477699597
7212.115442293464,3,,,9066.754224992941,179.4748125834299791
7223.197125190417,4,,,9086.378168395063,299.0750306679799437
7224.529227935237,5,,,9088.348167872283,166.5966127525999803
7225.842491638775,6,,,9107.293655166925,194.0087081683299735
7231.982039289621,7,,,9154.869633377919,220.2185615044699593
7236.652313410386,8,,,9157.27531559091,214.3247426934099731
7245.217473986623,9,,,9174.388717663691,182.9076335838399806
7255.320216599449,8,,,9199.256763673006,256.5782062952699777
7275.03470157079,7,,,9215.705923557362,199.1094622415299676
7279.992802703092,6,,,9216.997594142529,195.1926314369200093
7291.328858849534,5,,,9248.655257422449,216.002700842389969
7299.098627686267,6,,,9250.056996643994,201.4318634551999587
7315.274430211866,7,,,9278.685430866352,215.7433687311799978
7331.711016636713,6,,,9318.965356069018,208.9821762324199876
7344.18376851196,5,,,9352.359871360179,171.1126008490500103
7348.694161715737,6,,,9357.564734620452,190.7495356669699608
7357.782034923244,5,,,9385.478147242487,214.3781298528600126
7363.263718140433,4,,,9410.57612776254,150.2757719457899833
7376.832772621262,5,,,9437.391755184405,245.5221342909599675
7403.313021738059,4,,,9450.820689704042,118.2696430230699882
7410.835251206542,5,,,9452.050064237018,100.4057641918300016
7425.019480118518,4,,,9469.116772154719,108.661556506310006
7442.449928096113,3,,,9529.578432526865,116.1393784013999943
7456.063765529759,2,,,9578.578805621798,122.087695103529995
7456.19505902326,3,,,9589.691800501666,121.6665108814899833
7456.298384745345,4,,,9603.929702054585,90.7305719508509863
7459.705931919069,5,,,9638.811702919902,96.1438104759909885
7459.732287115066,4,,,9642.233644973872,125.4595338013400005
7478.296106429571,3,,,9657.929162013461,115.9771307378800025
7483.399654932168,4,,,9681.175617226592,133.8926880431399691
7497.671877997245,5,,,9708.879762629378,118.9215334053099862
7500.695686526123,6,,,9720.972207172513,135.5042681901400097
7503.427863719944,7,,,9737.203461772548,127.31517373954
7512.322232819046,8,,,9758.436919338961,113.8312356894199976
7513.223878629788,7,,,9788.113197400022,128.4365221282499756
7531.751591890422,8,,,9789.947333028639,140.9059763924399812
7538.400630322102,9,,,9828.422695352814,104.7912949876999843
7554.653896190337,8,,,9832.240895725847,110.0368475731099801
7562.064695151609,7,,,9855.648666731136,122.0551643321399803
7562.067420789265,8,,,9879.89367598134,115.3752167108199837
7567.113703807016,7,,,9919.677941524829,141.0411987774299968
7568.006361964889,8,,,9920.516936259936,117.1433482508899993
7590.586010941404,7,,,9947.266819195812,115.6972694243000031
7596.61074893004,8,,,9962.84042301531,139.3651105496199985
7603.957817094111,7,,,9966.475268722899,102.58480027441999
7611.825080966732,8,,,9977.736175540585,113.9522913937200026
7616.3900134307,9,,,10037.828520253241,145.0720612732199577
7628.233509510257,10,,,10041.679295770658,146.7359465198999822
7640.384940309032,9,,,10055.398938690004,171.407033515579996
7645.252360194249,8,,,10086.177672680487,190.5472232865599828
7649.154725347895,7,,,10122.737406562,226.7417151782399846
7660.065151771824,8,,,10123.850116008184,208.2636313037199891
7669.755207975274,7,,,10125.597040427398,227.8710935143499785
7677.306384317763,8,,,10154.289481126484,209.6686259520299691
7700.381659585095,9,,,10187.957674168913,179.7147603226499647
7708.829728573154,10,,,10188.34800203203,233.8934759540999825
7713.740322093964,9,,,10195.035318800216,176.9212761810799741
7730.956789872367,10,,,10241.602772739469,176.5287620679899866
7733.094266933695,9,,,10244.729928864202,170.4951973056699891
7734.008312835164,10,,,10272.335674408934,160.3282837217099647
7734.934102953527,11,,,10279.437377358519,160.9613931629299935
7747.411110530095,10,,,10324.574950998457,157.233131935309984
7748.260720474004,11,,,10333.002203448916,91.7822832472199931
7752.040290808365,12,,,10340.732004945347,189.8302886960199762
7753.243419049774,11,,,10366.106874699103,168.7194674784499845
7771.453605765282,12,,,10389.122722019031,90.90968982880198675
7809.798527321349,11,,,10402.183410122268,137.872585014659989
7813.825004888207,10,,,10432.5245433287,132.1511202181299606
7821.918371338564,9,,,10447.076988357271,126.9714090546499956
7825.415266624283,10,,,10465.055823685798,143.7980553675000118
7826.639655266748,11,,,10496.430992638909,158.4008502391899916
7842.590503060318,10,,,10517.933133502093,179.8891553113799652
7843.778117296458,11,,,10538.938307609043,102.5869394963399938
7846.337516193783,12,,,10552.438983969495,113.1097426322999976
7883.406710106178,11,,,10554.778313182021,117.6618069648899898
7886.54082728894,10,,,10577.241193313219,113.7362142015699926
7900.738616535655,9,,,10598.18840293846,82.77105326504599215
7901.607045005543,10,,,10606.666299090755,121.3367016473299878
7903.635540673346,11,,,10633.483892695787,138.0446984205800045
7913.405326401154,12,,,10639.406928653783,145.2625342725800118
7927.990967852507,11,,,10681.835327952675,99.3154890206759826
7951.101133319463,10,,,10723.271881927959,81.45065571483999605
7953.22963921106,11,,,10735.912965895756,91.5596720711049836
7965.351374117406,10,,,10813.163446681792,120.9307368243299828
7970.297452935459,11,,,10861.611576928437,141.3971188005399988
7970.605955000677,10,,,10867.989516841155,109.2328058111699813
7980.823431830784,9,,,10868.175187532584,152.2756015729199812
7984.865732443641,10,,,10879.745381298487,81.43783148905700355
8011.173782294818,11,,,10883.487182758178,146.22471952300998
8019.067436195655,10,,,10958.233943215639,111.6897136815800019
8026.346937017476,9,,,10962.896611071396,157.0216871206199578
8037.035221052337,10,,,10965.299261666643,139.0684319781599921
8049.201378719366,9,,,10978.614131014783,100.5142781974199973
8052.616507534099,8,,,11013.905256123577,130.6333379113999621
8057.71533750716,9,,,11049.876103311582,137.4753186189499838
8092.01379958917,10,,,11050.240661453381,138.2716783756299601
8097.806513547738,11,,,11061.375543485293,155.6172733609699883
8104.888289549668,12,,,11108.636805873658,150.7643306888699608
8104.959880281682,11,,,11145.466162456185,128.9170533152499723
8106.44408284225,10,,,11147.399471950536,107.1193139786099943
8121.689145377069,9,,,11267.424128658668,116.3551837097499793
8121.826297485626,8,,,11275.571646698521,121.7843117543999932
8154.027844729122,7,,,11289.938738104022,113.5178418048400028
8158.740286903,8,,,11314.660737800231,123.9720191350099863
8166.929073156384,9,,,11318.131210744818,102.1151539472599833
8176.878472704849,10,,,11331.906764921456,139.1594399703799916
8188.532304134325,9,,,11336.97249631487,42.3160977497639975
8190.483177584722,8,,,11346.541648168571,101.2053695020599941
8194.041661173243,7,,,11375.581241646063,64.9396735381599795
8202.900725462074,8,,,11408.349094192967,156.6175913189300097
8214.524871524321,9,,,11431.491210700448,120.5625618331999926
8216.088218655772,8,,,11463.462182291034,110.4057033733099895
8223.002718330811,9,,,11477.548686023595,125.8389805029299845
8251.042257270782,10,,,11498.104545134052,85.3567996079079873
8261.016532943843,9,,,11507.721505279216,148.8793562612800082
8274.160600896628,8,,,11527.884473862187,120.1400809228399847
8278.452265735084,7,,,11545.095449237721,103.1105573795200026
8280.943997295842,6,,,11594.504290873923,99.9091783155199943
8289.471335990434,7,,,11614.742307354585,96.4580794760420016
8302.985382305641,8,,,11641.716677961001,110.6892942539799941
8329.15928550032,9,,,11644.818566191268,103.1099722313999789
8330.661308917596,10,,,11684.411525134855,142.4051060647299772
8332.095153278665,11,,,11693.992297825641,144.7581031026500106
8336.581455132078,10,,,11713.08567148381,144.8285464882200126
8338.668394432054,11,,,11713.258046788325,136.2032330162599575
8342.552214007673,12,,,11740.735817750634,145.3084504289499812
8343.774490333547,11,,,11789.620901080366,184.9119272669499871
8351.704512418982,10,,,11798.474198231985,167.091133400989974
8352.668255377076,9,,,11809.573546860215,202.8093029766499731
8385.44626195916,8,,,11816.81777032555,160.4943528204900071
8412.735506190544,9,,,11865.888867502821,107.3011914077600007
8436.821112653402,8,,,11870.398417837229,152.05261828581996
8442.053199551226,7,,,11884.884729126399,169.7282274250999868
8444.175490896767,6,,,11917.0190684729,233.7824272178099807
8463.659145186772,5,,,11937.52022368558,150.6972495542499922
8463.684531208383,6,,,11947.097685126091,149.0272226557299852
8474.366450967709,7,,,11969.381034210834,157.3516665817300001
8495.00293176753,6,,,11993.793958860613,153.5099212585599837
8495.924526954753,5,,,12000.629355091398,175.8779785803999965
8503.866817259114,6,,,12022.709375762627,150.8238299670300075
8512.533198680968,5,,,12029.259760722311,165.0295671201399721
8527.650178749245,6,,,12066.09648850275,173.6534367118899801
8542.119098750553,7,,,12089.774699646969,130.9214288054099593
8542.950341126508,8,,,12098.847036571273,183.6512933457499907
8549.300733336364,7,,,12103.315826446343,191.5144678185699822
8571.605860196774,6,,,12136.33133719123,174.3641844414399877
8585.491032638864,5,,,12148.656898206696,186.1794854825699863
8590.542276205559,4,,,12167.23710833627,148.8872329574300001
8598.69611378021,5,,,12200.275915548994,175.7225730081800058
8602.631883102621,6,,,12202.5608086684,229.9920085168799902
8617.31465942927,7,,,12225.092061668136,197.934595414359989
8619.777489567484,8,,,12255.022084606514,183.7133203057499593
8619.862237585015,7,,,12255.062570146793,186.6352237386599877
8620.400308236476,8,,,12271.452154444566,160.7693420758299675
8625.454115774838,9,,,12301.246926590141,156.1093810781699737
8626.594387141905,8,,,12320.069414113221,203.4974682161999901
8642.914896809267,9,,,12323.513124199149,167.8644459664599815
8646.329724336064,8,,,12342.496553092909,165.4298188407399828
8674.608610945928,9,,,12348.822920392556,96.4544318160189956
8683.672314262956,8,,,12388.831804825483,146.5805312470000097
8685.216104243373,9,,,12393.83995977004,209.7500569459999718
8696.659724077487,8,,,12416.916204934308,157.1606422014299933
8715.876232358812,9,,,12420.950364537541,158.9987706725399897
8716.181378568765,8,,,12458.210570753471,182.1154453501899858
8721.255642925648,9,,,12471.993747228765,148.2013489605399737
8726.453281967266,10,,,12480.084390399313,136.2662410004799648
8737.557890863266,9,,,12505.635476229133,180.5240131362099866
8754.038698078591,8,,,12532.140373156965,182.1656675650700087
8773.181326074033,7,,,12532.620654758689,127.1419164577899887
8773.993231710954,6,,,12582.69585956738,106.8105449498999913
8785.792408508896,7,,,12586.357490515412,88.79655586763698205
8787.303137727083,8,,,12602.356945760472,114.7723888931400035
8806.719899129322,7,,,12622.26932372531,117.7872936098999896
8813.979617507881,6,,,12632.95728664137,132.3696702420199922
8835.285492182742,5,,,12654.013910844726,114.0366239791399887
8844.898013353757,6,,,12694.795165494397,141.8268996994099775
8859.086682395286,5,,,12704.745645856653,152.5531254877299707
8879.336050636746,4,,,12727.079082085324,148.7854078010299753
8887.279412409509,5,,,12752.231219918902,165.2040321435499658
8902.770739210115,4,,,12787.166878247341,177.6575269990599957
8907.039235192317,3,,,12795.267632586239,95.4633170783569934
8913.2849469986,4,,,12831.78436302632,140.45815534111
8921.751555119685,5,,,12843.185163222373,138.3647957352499698
8934.651071873446,6,,,12855.145562030999,79.2663215917729926
8941.817637013063,5,,,12977.547187895495,87.1670458056960054
8942.67855737774,6,,,12989.906650278853,69.96437837434598325
8942.9505728975,7,,,12999.584567393906,144.9928786391399733
8951.714265334591,6,,,13035.258616310688,108.5468957617499935
8976.265574310238,5,,,13090.692419004086,132.780167394680006
8990.297445826323,4,,,13093.572821900364,106.1801939623900064
8991.481084079846,5,,,13124.910998330504,110.4531996107299956
9011.936314379531,4,,,13182.866196213159,117.756456872379999
9016.59646131583,5,,,13209.564541518441,93.1344573334559978
9021.804962705605,6,,,13272.513837708843,102.6463889450500058
9024.558975592358,5,,,13299.214325368508,106.2056513977599931
9032.652556580056,6,,,13308.19797812203,83.0139978666649935
9048.625133188795,7,,,13310.741497782105,127.3692247159700055
9053.017675825528,6,,,13341.804730384493,111.7548564999299851
9062.942062135168,7,,,13369.434548773768,115.185812037919987
9070.878192511093,6,,,13409.472199358091,152.9644253929000108
9076.985777289938,5,,,13424.929733665982,125.7871644121999845
9109.983179836597,6,,,13426.535270190917,156.9088324558300082
9122.359112518902,5,,,13548.624746708548,121.2833396107199912
9123.24132645765,4,,,13548.908717525665,101.4843564181999792
9152.567520294307,3,,,13580.973195007944,68.7843591402169918
9160.445482392796,2,,,13605.696626292245,83.9579919221490055
9166.815198953485,3,,,13636.958657690455,89.31944086678200235
9171.100017389625,4,,,13646.641208820125,110.4518645695199831
9181.247270511134,5,,,13664.248117111021,89.47735956476998315
9186.77679814401,4,,,13675.205256007345,122.3670978478599801
9191.869620893443,5,,,13692.604821303278,92.2031936968759848
9196.726439925006,4,,,13709.811877084216,93.5746085796550059
9223.093473768594,3,,,13743.315795884147,100.1181998659099857
9226.17850523618,2,,,13767.909819599415,114.6708088711999945
9235.888983068568,1,,,13783.330323504619,104.6091814371699794
9260.300355816752,2,,,13808.268170406118,128.9567867317400097
9305.533250247695,1,,,13829.601389573341,149.592647456589986
9305.611064991076,0,,,13841.38713946888,139.8458542631599921
9360.455215648411,1,,,13864.459958053212,165.7401768860900116
9377.758059995967,0,,,13883.461226625626,170.8237800884600113
9542.667892443911,1,,,13900.969115044739,161.3634701453499922
9547.067058098403,0,,,13917.949620770677,169.9287313232499622
9547.28292918345,1,,,13945.355333241049,169.7197660188600133
9568.164977160955,0,,,13952.549752894044,176.3473010965599877
9585.467938982371,1,,,13963.270923986789,136.760081722819961
9589.958229224065,2,,,13991.323940717824,146.9239356498599701
9602.760384722973,1,,,14025.406206508965,178.7541273439300078
9609.888288033008,2,,,14030.672241888791,154.0603490478699762
9612.358493116178,1,,,14058.723785824861,160.3536776040199918
9628.143342585728,0,,,14059.94466388815,173.6728948021799957
9644.605683649541,1,,,14071.90301142982,93.3160848162899863
9649.041356636197,2,,,14093.377102511451,152.3387907140199781
9659.676675271775,3,,,14110.650257474694,105.7173487968699985
9664.838240814409,2,,,14131.971514485526,96.3778851745279891
9683.678672281434,1,,,14167.055383507107,161.5668121557599757
9684.11369672015,0,,,14174.682943353919,138.195313990839963
9723.631400365111,1,,,14212.36342763134,169.4790572753199735
9733.593502398998,2,,,14233.755773767596,172.745302958059994
9735.48659343253,1,,,14246.723899845939,183.5668408224499891
9754.897388770384,0,,,14260.333035489931,136.8154959692599843
9778.636742747396,1,,,14264.844116376044,86.3546681353730033
9799.881971259476,0,,,14266.177849091293,110.5759619868999831
9803.373588009044,1,,,14310.978673742077,103.3561751255199963
9803.928196152955,0,,,14322.593187891289,140.7803598654400043
9823.475312465694,1,,,14328.133968184783,124.9124141307
9831.569549771512,2,,,14351.07195671273,124.659688893129981
9832.808123416093,1,,,14386.242874069428,118.9981429633799901
9833.300310073906,0,,,14407.986628708011,109.2709114080499826
9863.78388414687,1,,,14419.381138094491,150.1372722998600006
9863.890468448474,2,,,14442.097722275723,156.6515208705100116
9877.771700951368,1,,,14470.92898092371,149.31930126111996
9880.004576435664,0,,,14489.026185984923,115.3355376340599883
9883.991905174422,1,,,14496.951986831513,194.5928284477699883
9892.756458980019,2,,,14523.987707229807,132.5394695752800085
9894.943349250758,3,,,14536.391158480606,109.6817550413099976
9895.630449393926,4,,,14541.479620908794,109.0766084210499965
9895.995691383764,5,,,14582.735060700729,155.9304809953299575
9897.725946913048,6,,,14597.098231942964,147.5861790982700078
9915.586484704459,7,,,14606.564184498289,165.3350226872599927
9928.95685328659,6,,,14633.519918384422,178.45238525971996
9941.265272216253,5,,,14669.073334434976,168.0236372718399587
9944.62085517445,6,,,14678.630200630338,122.5201409825099853
9948.257393374193,5,,,14700.119713967196,170.0835994313000008
9952.806024684387,4,,,14718.158669676747,146.042900675969974
9954.454526077927,5,,,14773.762161258145,163.7452997758599615
10008.242913846259,6,,,14779.232395255108,113.5243266086299907
10012.755937070761,5,,,14783.181499872117,117.3990977988100036
10014.667160283761,4,,,14799.513717613106,131.2457227860300001
10016.954863360933,3,,,14848.710154369517,177.0775564232699815
10018.114042619141,4,,,14873.249352485048,190.9798040349500063
10052.283019783258,3,,,14879.053996016035,153.593606569259975
10065.074010671476,4,,,14886.91953703095,157.5922331187300066
10074.234731558534,5,,,14927.456660547923,142.7735607663599917
10085.997458842913,4,,,14945.071400910127,177.228597915210002
10102.782751457477,3,,,14948.40734767759,186.0697052818799753
10105.815893513075,2,,,14953.914609090171,172.9334427224499671
10112.007390687225,3,,,14985.1614748842,198.154819760120005
10118.475984195586,4,,,15005.414784101237,200.531966343279975
10130.173516304686,3,,,15008.315479783425,211.1959041387099768
10150.901716249331,4,,,15028.241730294237,211.2855337806799976
10161.349178930848,3,,,15062.677281208169,227.14041702787
10167.34181906315,4,,,15067.687447060082,197.2066541209599668
10168.233652788223,3,,,15074.120513505912,246.0410948418800095
10171.119286514305,2,,,15099.599171613833,228.9593576917699797
10197.387407220651,3,,,15123.75731546478,247.68204764989997
10219.581004921357,2,,,15129.017578207122,252.145252576339998
10225.32681305134,1,,,15143.704755632882,238.1289124634399735
10241.219920201696,2,,,15159.24952978062,237.633383308870008
10245.07806339245,1,,,15202.136851425059,261.3689170291600012
10246.594202230827,0,,,15204.603893620944,249.379935893629976
10264.31082510761,1,,,15214.239819456724,250.3053646071799667
10293.272293167882,0,,,15257.183880756689,289.5944051136599442
10298.213032190229,1,,,15262.307366682099,274.1412604115599825
10300.373423110574,2,,,15269.737438216628,305.50274076949995
10301.291002073629,1,,,15271.299980035996,239.5032286980400037
10307.619735675262,0,,,15311.110722948105,211.1588319851799718
10320.105579302618,1,,,15323.242322874862,235.9647787635499857
10321.257768318297,2,,,15365.561901617095,203.885809679269982
10324.160770088992,1,,,15369.732472462198,245.2747763337299595
10338.030142399722,2,,,15378.587265784567,136.7426155727200118
10338.043978190709,3,,,15396.558802762905,185.8356877637700102
10350.062362222412,2,,,15441.750140346236,159.2410024174000108
10379.68756730372,1,,,15453.807424108635,154.8276586938100075
10401.242999572176,0,,,15496.392399799093,185.214474874159975
10437.11650621713,1,,,15504.755848054945,124.6093811084499801
10438.48204351735,0,,,15544.232054195314,141.0776137436000106
10439.329241337197,1,,,15546.990281488395,124.3273199676799828
10456.174852558048,0,,,15553.327560690011,95.2080217307319851
10463.504979111646,1,,,15594.177865458772,135.790215079089989
10477.002017356185,0,,,15625.914695573852,147.8209026974099625
10485.329597443426,1,,,15654.796801756174,82.43319717900499165
10494.1443943812,2,,,15680.063615046079,105.5642410222999953
10495.439194275211,3,,,15683.246497033516,114.7947184365699792
10512.631204668972,2,,,15701.808632805597,81.53432083667499315
10515.417349673414,3,,,15757.234935125909,144.1427976173399652
10522.491061280298,2,,,15785.551172126384,114.4786112848699981
10530.14703351087,1,,,15818.053731574079,99.0228586477109896
10539.880785250287,0,,,15851.327551112549,99.1276469891209896
10758.756711029986,1,,,15875.404937793697,99.5397045378419985
10777.435225327714,0,,,15901.7632122284,111.5484670749999903
10798.30754980943,1,,,15931.804029152839,122.7731853053199977
10805.874923950778,2,,,15956.91912343494,89.88049804409499155
10816.149397690045,1,,,15988.472446691541,123.3916794149299956
10826.230829688487,2,,,15997.968245106709,144.6497249964700126
10838.798523014098,1,,,15998.477768576252,121.1763021765899847
10843.71133669077,0,,,16037.25689707642,121.8702937778199947
10846.544229534064,1,,,16040.039232176673,137.7596941033299907
10850.103730736468,0,,,16044.17059028023,152.3906879054499647
10883.271918212176,1,,,16059.045325406147,165.5748691747500056
10905.758270124319,2,,,16089.153251240742,159.9225085849599843
10911.968983077746,3,,,16123.123338244414,206.0169402354499647
10912.400784692629,4,,,16131.503823577781,197.1457147600600016
10922.385529855783,3,,,16131.894440065888,162.2411294358799971
10930.238766648829,2,,,16132.377888744264,185.9109991301899633
10934.805844944657,1,,,16201.101476326897,227.1299153032300058
10955.529497900803,0,,,16213.880849843055,231.7005357850200077
10957.87247518479,1,,,16216.847128020588,212.8883208639300043
10990.982891635454,0,,,16225.016985162098,232.1774695629399607
11192.747324951071,1,,,16279.015510330863,260.2592934792199905
11216.01605679756,2,,,16279.798191522334,200.3523541589599965
11225.512893728717,1,,,16294.75278232889,202.0911853356199678
11239.126301463078,0,,,16299.829106149362,217.3456424906499926
11245.336278666508,1,,,16341.738000145288,182.8993730910700027
11251.096148983775,0,,,16344.602443605809,212.2340510728899965
11251.731502874038,1,,,16359.597928199916,167.3433518680099603
11281.913258076792,0,,,16359.742044081367,226.2336142502899741
11294.656398565106,1,,,16410.259762011331,147.1915541455599616
11297.009353998509,0,,,16421.24972027235,209.43826118971998
11310.928648867244,1,,,16436.432039013883,231.9269035476700072
11324.832777581938,0,,,16458.902336882042,166.0995921017399718
11353.056478917721,1,,,16475.924458254896,157.9710387035599975
11358.84214901794,2,,,16477.783182639032,177.4215098254899766
11362.042619438979,1,,,16503.391238980693,135.9755100687999625
11381.693571995669,0,,,16526.112359586395,206.9467622770599737
11412.747745526144,1,,,16558.080303641377,175.257943725870006
11432.542053130455,0,,,16569.599114060468,163.9568993183399921
11441.984891858197,1,,,16574.198134440908,145.6835796064700043
11444.994326084196,0,,,16596.864265661869,192.090425059029996
11542.006419070124,1,,,16616.518186727865,68.03993365316100015
11549.234194722987,2,,,16636.735117337186,82.6330394781780054
11568.257124995587,3,,,16646.960340476889,117.2678454554799993
11573.119793667461,2,,,16656.078942552639,192.8200877412600097
11577.054813772069,3,,,16718.949460504085,139.7911339020699863
11585.365871860596,2,,,16728.329961947005,99.6707826639969878
11595.427367321687,3,,,16733.193162412672,118.7440525207499883
11604.70897381342,4,,,16753.673954374939,134.0748601012500098
11605.806290346863,3,,,16768.604502273198,109.5821346793800042
11606.764243883562,4,,,16799.56453130649,128.6405433878400112
11620.795952264207,3,,,16839.512245021156,125.1690990144099937
11631.383064830996,4,,,16844.204840511089,162.6000522734800025
11654.542424225549,3,,,16894.195503295829,123.0985318831399975
11656.323417505057,4,,,16964.048576608065,114.3325086785299898
11657.435417032551,3,,,16977.545624968647,70.97203172407799315
11683.236641255095,4,,,17047.177519920338,100.3004190626299985
11696.559898634759,3,,,17060.912393905178,105.6574054747100032
11699.732702703763,2,,,17083.483544765581,113.700137156319982
11710.846920719791,1,,,17129.577479433026,113.6601717581000055
11715.156501701303,2,,,17136.010754602687,116.1556936266899806
11718.345799551411,3,,,17141.806029850828,111.2472749118699933
11758.587676095063,4,,,17148.161143526344,114.376497392909982
11761.269606284171,3,,,17192.359113911015,145.4917914566399865
11771.86811491411,2,,,17221.173520752356,143.3747983605400116
11776.795438601732,1,,,17234.145621996995,165.1761224520499801
11786.822974131325,2,,,17242.436288118242,194.1156428589000022
11797.453113528661,1,,,17255.018539824024,164.2913398430399632
11798.070462470358,2,,,17256.465213366049,111.4244316841199798
11812.029367629105,3,,,17291.366671468353,135.1947972262599928
11824.751376510994,4,,,17299.006974611571,136.5908748880999603
11840.284037602054,5,,,17326.392108645015,163.1760093746999578
11844.762089832962,4,,,17339.6391061054,163.0755944047199926
11849.067278275945,3,,,17351.388774431385,159.1344317913099638
11850.099233375026,2,,,17376.638984731851,199.5643609080299816
11864.230193602171,3,,,17395.64283475417,117.6356417330599976
11865.979228035554,2,,,17423.929598934879,225.3385225591399595
11871.885545795602,3,,,17444.254826191791,131.8063074289299828
11892.443051790858,4,,,17466.632848932794,133.5478283158299742
11898.899831685696,3,,,17495.701392781735,115.5900285258900051
11911.801358627773,4,,,17503.579284504103,105.0446839016599935
11915.195743225524,5,,,17528.687633579349,162.8944189695199606
11920.625011154102,4,,,17536.907117760396,106.814019137849982
11933.516226301695,3,,,17580.758439247417,118.3009613613699851
11952.877849302815,2,,,17581.113029477784,144.2383074782200077
11955.049601978418,1,,,17618.277476769593,82.22206040084699885
11958.853270841558,2,,,17630.685607115722,91.7018347911339898
11961.967152749786,3,,,17637.035200938955,92.13407295841898285
11962.477412724122,4,,,17670.255978758044,128.829935106219977
11972.568800151517,5,,,17682.342630631752,91.23112940107398535
11997.684093922866,4,,,17685.482152033536,91.2615010472150058
11997.954159049914,3,,,17689.427914873194,127.7326802284399883
12018.349875378841,4,,,17735.50622068627,134.390736024659986
12024.553342540813,5,,,17757.450178722922,123.6577293703099935
12024.700274212366,4,,,17766.959510383642,129.391199996699981
12027.157466253779,5,,,17776.789312853791,128.647377637830004
12055.110702382675,4,,,17779.284160042356,134.0758861362099875
12059.067784516499,3,,,17816.004867389695,144.2737751334900047
12064.395356079479,2,,,17838.180249394703,163.3568993013599872
12068.427346408132,3,,,17851.72150570422,159.7852885605099677
12071.308764300759,4,,,17865.783344994852,165.271181901229965
12098.147468069472,3,,,17899.542800193453,115.5986665271300063
12110.682812368738,4,,,17907.946025993021,138.4606791932000072
12116.571945897017,5,,,17912.709377587698,123.2544856344700001
12140.185906398727,4,,,17934.855329107259,156.5582045157900093
12140.406113451142,3,,,17971.097726464717,136.7371175589399848
12140.546108342299,2,,,17982.166524982564,158.9325392857500097
12145.137545511973,3,,,18001.603410352229,194.6485184049899993
12155.648678232686,4,,,18021.812195042772,169.7491255593499766
12177.066734252164,5,,,18049.1626128883,163.0045265861099887
12184.089902824042,6,,,18067.113810481892,185.027550849539977
12184.860679696025,5,,,18077.359828528807,176.9847811347499933
12194.563342002782,4,,,18079.198860083445,200.1984525190100035
12210.978745456463,3,,,18101.346395433537,172.8590401113600016
12224.302008142082,2,,,18145.806656155956,148.6292360006900133
12242.251273578487,3,,,,
12242.977545405095,2,,,,
12252.368488576537,3,,,,
12259.755562732876,4,,,,
12261.951593865005,5,,,,
12276.095125403282,6,,,,
12283.366882688199,5,,,,
12283.562480436159,4,,,,
12287.119504173861,3,,,,
12314.114340120851,2,,,,
12323.792398268221,3,,,,
12325.111463092922,4,,,,
12342.558208561655,3,,,,
12343.818149398829,4,,,,
12349.974705591895,5,,,,
12355.66387425115,4,,,,
12360.124526693588,3,,,,
12388.844236225881,2,,,,
12393.028954546529,1,,,,
12405.478738300903,2,,,,
12428.306855933355,1,,,,
12443.232505645283,0,,,,
12500.587616399348,1,,,,
12504.482030115408,2,,,,
12505.504767283307,1,,,,
12539.977286865584,2,,,,
12552.192520368923,3,,,,
12552.968265794991,4,,,,
12557.922156308126,3,,,,
12568.598481007428,2,,,,
12572.22107646639,1,,,,
12578.293674284297,2,,,,
12587.027187775356,3,,,,
12589.866267699871,2,,,,
12596.36402352025,1,,,,
12609.509351248282,2,,,,
12618.158186947318,1,,,,
12671.135677842265,0,,,,
12704.820367487119,1,,,,
12707.716619452417,0,,,,
13230.049873884561,1,,,,
13239.489880825495,0,,,,
13254.248736735846,1,,,,
13256.507773965195,2,,,,
13261.698541903301,1,,,,
13269.626437735088,2,,,,
13282.637037839865,1,,,,
13288.324112713902,0,,,,
13299.142569253784,1,,,,
13328.3942420043,0,,,,
13552.838158159482,1,,,,
13564.279628910673,0,,,,
13574.770757546251,1,,,,
13580.281714766857,0,,,,
13680.008742116754,1,,,,
13698.719781167124,2,,,,
13701.54128520572,3,,,,
13712.637446537165,4,,,,
13717.196710561258,3,,,,
13739.605644899391,4,,,,
13741.183413782499,3,,,,
13748.020889447429,4,,,,
13755.088724798467,3,,,,
13767.014351744881,2,,,,
13775.635567222193,3,,,,
13776.202451797479,4,,,,
13801.744768247216,3,,,,
13806.419227379747,2,,,,
13818.720912035657,1,,,,
13826.510842263969,2,,,,
13844.400005067962,3,,,,
13845.999600179872,2,,,,
13846.652079165037,3,,,,
13864.689087316201,2,,,,
13876.611892840917,3,,,,
13886.271769085974,4,,,,
13898.004404719767,3,,,,
13898.370108220836,4,,,,
13898.670279665619,3,,,,
13918.002887401993,2,,,,
13937.368630638171,1,,,,
13941.038311797432,2,,,,
13961.035271989476,1,,,,
13978.58692661353,2,,,,
13978.761076535513,1,,,,
13993.624010458836,0,,,,
14004.932908677826,1,,,,
14005.488571351348,2,,,,
14020.446406835594,1,,,,
14021.719996159351,0,,,,
14035.593629310998,1,,,,
14036.487629363076,2,,,,
14042.884370356024,3,,,,
14053.774068482595,2,,,,
14061.010470809534,3,,,,
14062.034858186416,2,,,,
14063.157059023492,3,,,,
14090.698926100116,2,,,,
14112.621184069722,1,,,,
14119.748916685589,0,,,,
14123.517539520675,1,,,,
14130.833463833559,0,,,,
14155.60188710439,1,,,,
14175.071325011591,0,,,,
14178.489448240671,1,,,,
14181.812828025853,2,,,,
14203.221554054087,3,,,,
14204.744641917925,2,,,,
14207.622498616558,3,,,,
14215.452667163413,2,,,,
14220.340163983767,1,,,,
14226.412267819599,2,,,,
14245.449920540783,1,,,,
14254.894702025655,0,,,,
14267.244731106051,1,,,,
14269.243865794629,2,,,,
14285.446201405217,3,,,,
14287.0013909478,2,,,,
14295.319351407407,1,,,,
14298.715717299963,2,,,,
14302.359158383742,3,,,,
14306.3703428197,2,,,,
14311.3696857924,1,,,,
14321.609679662593,2,,,,
14364.996691279867,1,,,,
14373.690648350867,2,,,,
14386.516549863871,1,,,,
14391.184009588417,0,,,,
14391.448237654531,1,,,,
14409.254490382435,0,,,,
14426.709403439293,1,,,,
14426.804579705403,2,,,,
14432.403012487747,3,,,,
14441.229161811032,4,,,,
14449.512052844692,5,,,,
14450.947105840781,4,,,,
14452.006428555121,3,,,,
14454.211152675132,2,,,,
14455.0675331247,3,,,,
14489.007874450223,2,,,,
14501.049697163134,3,,,,
14508.040946986788,2,,,,
14516.827060587528,1,,,,
14530.036114535897,2,,,,
14551.859956565499,1,,,,
14556.110059647827,2,,,,
14572.115769000781,3,,,,
14579.363892913458,2,,,,
14583.387907782462,1,,,,
14606.984037828929,0,,,,
14610.016861482285,1,,,,
14642.502377380491,0,,,,
14665.782402073302,1,,,,
14668.267994827077,2,,,,
14671.632597946245,3,,,,
14677.716505878545,2,,,,
14682.269548450098,3,,,,
14685.379807407392,2,,,,
14725.46038944678,3,,,,
14729.327303912222,4,,,,
14734.288916327685,3,,,,
14749.293565259507,2,,,,
14758.343276218435,1,,,,
14762.337642395709,2,,,,
14765.93011791185,1,,,,
14767.842802994918,2,,,,
14780.981166367721,3,,,,
14784.683099781566,4,,,,
14787.006655124083,5,,,,
14797.119575644715,6,,,,
14804.882817757959,7,,,,
14816.95619651356,8,,,,
14826.764812515919,7,,,,
14828.079418664034,8,,,,
14831.950934454771,7,,,,
14835.536864180303,8,,,,
14844.01380529347,7,,,,
14849.619629160581,6,,,,
14870.480792939117,7,,,,
14870.639813922068,8,,,,
14876.075267814878,9,,,,
14876.872325630785,10,,,,
14891.588018888307,9,,,,
14900.364960230552,8,,,,
14905.575843169438,9,,,,
14914.906121349017,8,,,,
14921.616146471755,9,,,,
14927.373334520072,8,,,,
14940.767934395899,9,,,,
14955.223957727311,10,,,,
14963.934454849541,11,,,,
14964.234697447129,12,,,,
14967.589475643031,13,,,,
14975.788382978094,12,,,,
14980.521011236307,11,,,,
14980.887145948784,10,,,,
14988.166106270537,11,,,,
14999.482788906406,10,,,,
15018.919162683915,9,,,,
15029.468485907483,8,,,,
15031.796751337953,9,,,,
15042.422412017524,8,,,,
15079.504248645627,7,,,,
15087.27754411131,8,,,,
15099.951890962926,9,,,,
15100.93034498624,8,,,,
15103.192127884685,7,,,,
15116.622153497836,6,,,,
15124.457696128471,7,,,,
15142.871699270423,6,,,,
15161.676091937822,7,,,,
15170.739359557213,6,,,,
15171.236624514071,5,,,,
15179.135179624562,4,,,,
15210.723114999134,5,,,,
15217.860423715236,4,,,,
15221.864071107486,3,,,,
15240.076621539386,2,,,,
15241.447216434219,1,,,,
15241.844650211843,2,,,,
15282.509137928834,3,,,,
15285.367556539465,2,,,,
15297.059892845117,1,,,,
15298.979765414826,2,,,,
15311.177924924933,3,,,,
15326.606545380956,2,,,,
15348.224882418513,1,,,,
15361.056455778492,0,,,,
15403.154440451716,1,,,,
15404.681259059473,0,,,,
15458.387650379681,1,,,,
15478.09379287644,2,,,,
15478.443397971759,1,,,,
15512.618872836132,0,,,,
15620.274311968922,1,,,,
15629.548248136588,0,,,,
15867.038625390845,1,,,,
15867.161025388419,0,,,,
15877.301466399662,1,,,,
15885.233105021143,0,,,,
15891.779902374781,1,,,,
15893.4704562314,2,,,,
15902.279538073345,3,,,,
15915.386603298596,4,,,,
15917.106398008966,5,,,,
15928.806796380125,4,,,,
15929.230742655779,5,,,,
15934.358108817721,6,,,,
15941.467904506509,5,,,,
15946.466889614071,6,,,,
15947.835975373108,5,,,,
15960.497045250677,4,,,,
15969.653310630012,5,,,,
15973.971561023664,6,,,,
15982.180314058039,7,,,,
15992.83951559916,8,,,,
16003.958807156656,9,,,,
16005.965829656991,8,,,,
16007.366193237675,7,,,,
16015.495600381478,6,,,,
16018.756216851645,7,,,,
16027.401058404498,6,,,,
16054.247193710244,5,,,,
16079.445837363376,6,,,,
16082.483463658714,7,,,,
16092.661596993274,8,,,,
16095.475089689039,7,,,,
16105.320873477564,6,,,,
16107.719466907643,5,,,,
16112.692278639662,4,,,,
16132.368392532922,5,,,,
16133.508429831077,6,,,,
16158.838627054218,7,,,,
16170.121239018822,6,,,,
16183.99191662415,5,,,,
16185.579595471722,4,,,,
16192.25457633191,5,,,,
16194.345881595936,4,,,,
16204.50513546621,5,,,,
16211.811459082628,6,,,,
16246.151135177179,5,,,,
16253.294986486318,4,,,,
16253.754926608103,3,,,,
16263.06820786577,4,,,,
16265.154205033718,3,,,,
16292.802744780302,4,,,,
16300.361672813546,5,,,,
16313.160105093168,4,,,,
16315.591572265611,3,,,,
16317.953419551335,4,,,,
16319.165597309338,5,,,,
16323.501145446236,4,,,,
16351.480501223164,3,,,,
16367.415728911892,4,,,,
16382.822359915512,5,,,,
16398.44397967307,4,,,,
16398.449418055158,3,,,,
16404.773840602837,4,,,,
16405.642214742127,5,,,,
16405.973996042215,4,,,,
16426.778296988814,3,,,,
16428.514554834443,4,,,,
16459.349614207498,3,,,,
16463.258854811381,4,,,,
16470.598589147296,3,,,,
16471.82032759465,2,,,,
16486.932902969277,1,,,,
16529.692495021405,2,,,,
16534.305268025509,1,,,,
16547.253350894901,0,,,,
16548.478253074704,1,,,,
16553.780340337013,0,,,,
16554.102077859008,1,,,,
16555.85608093172,0,,,,
16579.158326602014,1,,,,
16606.525651751546,0,,,,
16628.659179283008,1,,,,
16633.029630710212,0,,,,
16659.022367593813,1,,,,
16670.923987918655,2,,,,
16681.604788237613,3,,,,
16686.387034176772,2,,,,
16702.766630090597,1,,,,
16714.343146006741,2,,,,
16714.510040806608,1,,,,
16717.044454519287,0,,,,
17033.78464613343,1,,,,
17046.86732245437,2,,,,
17048.320645259341,3,,,,
17048.558810806406,2,,,,
17068.969499544949,3,,,,
17077.79872239182,4,,,,
17090.727199980988,5,,,,
17092.786245890473,4,,,,
17104.415784974403,3,,,,
17115.013239548802,2,,,,
17118.975260535144,1,,,,
17145.040781681925,2,,,,
17155.600057616333,1,,,,
17156.171874242088,2,,,,
17162.416099723467,3,,,,
17163.216099270312,4,,,,
17176.563511700682,5,,,,
17177.074623823822,6,,,,
17192.254342640074,7,,,,
17193.406087828156,6,,,,
17198.493004826505,5,,,,
17198.591076375734,6,,,,
17200.838806008538,5,,,,
17228.343821026398,4,,,,
17231.079770338833,3,,,,
17263.815228235783,2,,,,
17278.007193021106,3,,,,
17278.185200512367,2,,,,
17296.303825578495,1,,,,
17312.448518762862,2,,,,
17313.591209719951,1,,,,
17333.085020616963,2,,,,
17334.332126397085,1,,,,
17348.595561485869,0,,,,
17365.793214609827,1,,,,
17380.111364255844,2,,,,
17381.173912108154,1,,,,
17393.424339369751,0,,,,
17398.534600602438,1,,,,
17412.656169261558,0,,,,
17430.093098622547,1,,,,
17430.21246679338,0,,,,
17436.874721999561,1,,,,
17462.457477886046,2,,,,
17462.869915984097,1,,,,
17464.24846162388,0,,,,
17544.901127980536,1,,,,
17549.981372937488,0,,,,
17561.695234644753,1,,,,
17586.615307411529,0,,,,
17591.111501230678,1,,,,
17594.220650986321,2,,,,
17601.115484661608,3,,,,
17602.997548903199,2,,,,
17615.647346396392,1,,,,
17621.672919817016,0,,,,
17633.79244935261,1,,,,
17637.568310386941,2,,,,
17645.208273906149,3,,,,
17647.882251729143,2,,,,
17648.141935215958,3,,,,
17665.052810197406,2,,,,
17671.731092256203,3,,,,
17671.828163715689,2,,,,
17674.82335009334,3,,,,
17691.936217143705,4,,,,
17699.828748422676,3,,,,
17700.512163093623,4,,,,
17733.003360768875,3,,,,
17747.90661584799,2,,,,
17750.728606140696,1,,,,
17752.294998572794,0,,,,
17769.485346799825,1,,,,
17778.297124591473,2,,,,
17783.944133666328,3,,,,
17789.454891953232,4,,,,
17805.423935532985,3,,,,
17806.954891947241,4,,,,
17809.679237363568,3,,,,
17823.233985696814,4,,,,
17828.159968782126,3,,,,
17834.360608905772,4,,,,
17836.380566606669,3,,,,
17852.063069483421,4,,,,
17878.397263937195,3,,,,
17879.000407564435,4,,,,
17879.425016952209,3,,,,
17882.086259632356,4,,,,
17886.158086302187,5,,,,
17886.511296443217,4,,,,
17900.375047394055,5,,,,
17908.349515668891,4,,,,
17928.48735532218,5,,,,
17945.840659409684,4,,,,
17950.553033760256,3,,,,
17969.444107129725,2,,,,
17971.603257999056,1,,,,
17997.177420155263,2,,,,
18021.727856389358,1,,,,
18034.121331333289,0,,,,
